"אבטליון","Avtalyon","","","","","","","32.836468","35.3493734"
"אביאל","Avi'el","","","","","","","32.53195065","34.9884930440394"
"אביבים","Avivim","","","","","","","33.08908275","35.4723813013821"
"אביגדור","Avigdor","","","","","","","31.710902","34.7426871"
"אביחיל","Avihayil","","","","","","","32.3502322","34.8717347"
"אביטל","Avital","","","","","","","32.5574793","35.3069385928717"
"אביעזר","Avi'ezer","","","","","","","31.68179055","35.0175056490604"
"אבירים","Abbirim","","","","","","","33.03847265","35.2870620631363"
"אבן יהודה","Even Yehuda","","","","","","","32.271564","34.888255"
"אבן מנחם","Even Menahem","","","","","","","33.07426435","35.2930165098977"
"אבן ספיר","Even Sapir","","","","","","","31.7629815","35.1351189"
"אבן שמואל","Even Shemuel","","","","","","","31.5754405","34.7636933035452"
"אבני איתן","Avne Etan","Avne Eitan","","","","","","32.8222205","35.7685664"
"אבני חפץ","Avne Hefets","Avne Hefetz","","","","","","32.2847457","35.0735508"
"אבנת","Avnat","","","","","","","31.67743725","35.4360378783175"
"אבשלום","Avshalom","","","","","","","31.1939198","34.3337877"
"אדורה","Adora","","","","","","","31.55177175","35.0164931749692"
"אדירים","Addirim","Adirim","","","","","","32.54918735","35.271301225297"
"אודם","Odem","","","","","","","33.19348215","35.7492788834817"
"אדמית","Adamit","","","","","","","33.0793642","35.2110541"
"אדרת","Adderet","Aderet","","","","","","31.6597433","34.9956875"
"אוהד","Ohad","","","","","","","31.237045","34.4323077467218"
"אוהלו","Ohalo","","","","","","",,
"אודים","Udim","","","","","","","32.26531695","34.8454806183319"
"אור הגנוז","Or Haganuz","","","","","","","33.0049421","35.4472568"
"אור הנר","Or Haner","","","","","","","31.55710305","34.6024015718017"
"אור יהודה","Or Yehuda","","","","","","","32.0290859","34.8623236961214"
"אור עקיבא","Or Akiva","","","","","","","32.5090151","34.9195677"
"אורה","Ora","","","","","","","31.7523331","35.151021"
"אורות","Orot","","","","","","","31.7421678","34.7344806"
"אורטל","Ortal","","","","","","","33.0835879","35.7623213"
"אורים","Urim","","","","","","","31.3033383","34.52155"
"אורנית","Oranit","","","","","","","32.13056685","34.9949339187737"
"אושה","Usha","","","","","","","32.7955189","35.1144019"
"אזור","Azor","","","","","","","32.0282087","34.802593"
"אחווה","Ahava","","","","","","",,
"אחוזם","Ahuzzam","Ahuzam","Achuzam","","","","","31.5525502","34.7701042"
"אחוזת ברק","Ahuzzat Barak","Ahuzat Barak","Achuzat Barak","","","","","32.6418437","35.3387534"
"אחוזת שושנה","Ahuzzat Shoshana","Ahuzat Shoshana","Achuzat Shoshana","","","","",,
"אחיהוד","Ahihud","Achihud","","","","","","32.9073284","35.1737446225213"
"אחיטוב","Ahituv","Achituv","","","","","","32.387855","34.9901935058208"
"אחיסמך","Ahisamakh","Achisamach","","","","","","31.93624215","34.9097381576387"
"אחיעזר","Ahi'ezer","Achiezer","","","","","","31.9811076","34.8716734"
"אייל","Eyal","","","","","","","32.210607","34.9781079"
"אילון","Elon","","","","","","","33.0631715","35.2196198"
"אילות","Elot","","","","","","","29.5812885","34.9618701662842"
"אילנייה","Ilaniyya","Ilaniya","","","","","",,
"אילת","Elat","Eilat","","","","","","29.5569348","34.9497949"
"איילת השחר","Ayyelet Hashahar","Ayelet Hashahar","Ayelet Hashachar","","","","","33.0215976","35.5759521"
"איתמר","Itamar","","","","","","","32.1732971","35.3080024614896"
"איתן","Etan","Eitan","","","","","","31.5721703","34.7478187231846"
"איתנים","Etanim","Eitanim","","","","","","31.7795349","35.0943225"
"אל-רום","Al Rom","","","","","","","33.1794392","35.7714167927275"
"אלון הגליל","Allon Hagalil","Alon Hagalil","","","","","","32.75735165","35.2211482649781"
"אלון מורה","Allon More","Alon More","","","","","","32.2355816","35.3317235522367"
"אלון שבות","Allon Shevut","Alon Shevut","Alon Shvut","","","","","31.65423355","35.1266904747966"
"אלוני אבא","Allone Abba","Alone Aba","Alonei Aba","","","","","32.72936575","35.1708693499256"
"אלוני הבשן","Allone Habashan","Alone Habashan","Alonei Habashan","","","","","33.04362895","35.8382973015849"
"אלוני יצחק","Allone Yits'hak","Alone Yitzhak","Alonei Yitzhak","","","","","32.5102785","35.0038927"
"אלונים","Allonim","Alonim","","","","","","32.7199093","35.1446939"
"אלי עד","Eli-Ad","","","","","","","32.8060623","35.7337191"
"אליכין","Elyakhin","Elyachin","","","","","","32.4079533","34.9248732"
"אליפז","Elifaz","","","","","","","29.7971821","35.0122727"
"אליפלט","Elifelet","","","","","","","32.94819885","35.5477575691914"
"אליקים","Elyakim","","","","","","","32.6317686","35.0675605814075"
"אלישיב","Elyashiv","","","","","","","32.3802538","34.9092219"
"אלישמע","Elishama","","","","","","","32.1519602","34.9279083"
"אלישע","Elisha","","","","","","",,
"אלמגור","Almagor","","","","","","","32.91270315","35.6020150582805"
"אלומה","Alumma","Aluma","","","","","","31.6527704","34.7440746"
"אלמוג","Almog","","","","","","","31.78804385","35.4615768228445"
"אלומות","Alummot","Alumot","","","","","","32.7068587","35.5464471508154"
"אלעד","El'ad","","","","","","","32.0516147","34.9563215959885"
"אלעזר","El'azar","","","","","","","31.65987235","35.1430344514124"
"אלפי מנשה","Alfe Menashe","Alfei Menashe","","","","","","32.173404","35.0154236"
"אלקוש","Elkosh","","","","","","","33.0341637","35.3241745"
"אלקנה","Elkana","","","","","","","32.1115274","35.0352848"
"אמונים","Emunim","","","","","","","31.74406575","34.6757849709016"
"אמירים","Amirim","","","","","","","32.9374964","35.4499982"
"אומן","Omen","","","","","","","32.5633022","35.2423509980953"
"אמנון","Amnun","","","","","","","32.9043478","35.5705088"
"אומץ","Omets","Ometz","","","","","","32.37142535","34.9965556532646"
"אמציה","Amatsya","Amatzia","","","","","","31.53215625","34.9144042984249"
"אניעם","Ani’am","","","","","","","32.95761585","35.7409051065318"
"אספר","Asfar","","","","","","",,
"אפיק","Afik","","","","","","","32.7800427","35.7013136171427"
"אפיקים","Afikim","","","","","","","32.6786105","35.5769374"
"אפעל","Efal","","","","","","",,
"אפק","Afek","","","","","","","32.8401655","35.1278912"
"אופקים","Ofakim","","","","","","","31.3125831","34.6208537"
"אפרתה","Efrata","","","","","","",,
"ארבל","Arbel","","","","","","","32.8130134","35.4847452"
"ארגמן","Argaman","","","","","","","32.1730172","35.5236240760223"
"ארז","Erez","","","","","","","31.5605003","34.5666313"
"אריאל","Ari'el","","","","","","","32.1061476","35.1852079"
"אורנים","Oranim","","","","","","","32.71210985","35.1089506500163"
"ארסוף","Arsuf","","","","","","","32.2137579","34.8166952620295"
"אשבול","Eshbol","","","","","","","31.44674525","34.6681306212914"
"אשבל","Eshbal","","","","","","","32.8759108","35.3067753"
"אשדוד","Ashdod","","","","","","","31.7977307","34.652994"
"אשדות יעקב (איחוד)","Ashdot Ya'akov (Ihud)","","","","","","","32.6581629","35.5811432"
"אשדות יעקב (מאוחד)","Ashdot Ya'akov (Me'uhad)","","","","","","","32.6633595","35.5827871958298"
"אשר","Eshhar","Eshchar","","","","","","13.366667","44.416667"
"אשכולות","Eshkolot","","","","","","","31.3910701","34.9047225"
"אשל הנשיא","Eshel Hanasi","","","","","","","31.3254053","34.6982913097432"
"אשלים","Ashalim","","","","","","","30.9639276","34.7013301935003"
"אשקלון","Ashkelon","Askalon","","","","","","31.6647136","34.5713902"
"אשרת","Asherat","","","","","","","32.97203955","35.1551193074697"
"אשתאול","Eshta'ol","","","","","","","31.78082155","35.0095755743845"
"באר אורה","Be'er Ora","","","","","","","29.7105978","34.9853933990868"
"באר טוביה","Be'er Toviyya","Be'er Toviya","Be'er Tuviya","Be'er Tuvia","","","","31.7330691","34.7245572739764"
"באר יעקב","Be'er Ya'akov","","","","","","","31.9443204","34.8400196"
"באר מלכה","Be'er Milka","","","","באר מילכה","","",,
"באר שבע","Beersheba","Be'er Shava","Be'er Sheva","Be'er Sheba","","","","31.2525467","34.7906914"
"בארות יצחק","Be'erot Yit'shak","Be'erot Yitzhak","","","","","","32.0390303","34.9105123"
"בארותיים","Be'erotayim","","","","","","","32.3218886","34.9828907"
"בארי","Be'eri","","","","","","","31.4241619","34.4911159"
"בורגתה","Burgeta","","","","","","","32.3264724","34.962915"
"בחן","Bahan","","","","","","","32.3506037","35.0178487"
"בטחה","Bitha","","","","","","",,
"בירייה","Biriyya","Birya","Biriya","","ביריה","","",,
"בית אל","Bet El","Beit El","Beth El","","","","","31.9414602","35.2209482"
"אבית אלעזרי","Bet El'azari","Beit El'azari","","","","","",,
"בית אלפא","Bet Alfa","Beit Alfa","","","","","","32.5166875","35.4275059"
"בית אריה","Bet Arye","Beit Arye","","","","","","32.03769335","35.0498072047885"
"בין אורן","Bet Oren","Beit Oren","","","","","",,
"בית ברל","Bet Berl","Beit Berl","","","","","",,
"בית גוברין","Bet Guvrin","Beit Guvrin","","","","","","31.6113672","34.8953605"
"בית גמליאל","Bet Gamli'el","Beit Gamli'el","","","","","","31.85733515","34.7615854622737"
"בית דגן","Bet Dagan","Beit Dagan","","","","","","32.0002552","34.8310177"
"בית הגדי","Bet Hagaddi","Beit Hagaddi","Beit HaGadi","","","","","31.42146945","34.6081644227551"
"בית הלוי","Bet Halevi","Beit Halevi","","","","","","32.3520416","34.9295061"
"בית הילל","Bet Hillel","Beit Hillel","","","","","",,
"בית העמק","Bet Ha'emek","Beit Ha'emek","","","","","","32.9708203","35.1448595866536"
"בית הערבה","Bet Ha'Arava","Beit Ha'Arava","","","","","","31.8024666","35.4749246"
"בית השיטה","Bet Hashitta","Beit Hashitta","Beit Hashita","","בית השטה","","","32.55078435","35.4387098847224"
"בית זיד","Bet Zeid","Beit Zeid","Beit Zaid","","בית זייד","","","15.52911","43.924103"
"בית זית ","Bet Zayit","Beit Zayit","","","","","","31.7825806","35.1593248"
"בית זרע","Bet Zera","Beit Zera","","","","","","32.6892534","35.5739673724461"
"בית חורון","Bet Horon","Beit Horon","","","","","","31.8764457","35.1287086279512"
"בית חלקיה","Bet Hilkiyya","Beit Hilkiyya","Beit Hilkia","","","","","31.7934972","34.8111892505472"
"בית חנן","Bet Hanan","Beit Hanan","","","","","","31.9344278","34.7745580231416"
"בית חנניה","Bet Hananya","Beit Hananya","","","","","","32.5288503","34.926492"
"בית חירות","Bet Herut","Beit Herut","","","בית חרות","","",,
"בית חשמונאי","Bet Hashmonai","Beit Hashmonai","","","","","","31.8890372","34.9158388145023"
"בית יהושוע ","Bet Yehoshu'a","Beit Yehoshu'a","","","בית יהושע","","",,
"בית יוסף","Bet Yosef","Beit Yosef","Beit Yossef","","","","","32.5602034","35.5529417661558"
"בית ינאי","Bet Yannai","Beit Yannai","","","","","","32.3792396","34.863234"
"בית יצחק - שער חפר","Bet Yits'hak - Sha'ar Hefer","Beit Yits'hak - Sha'ar Hefer","","","","","","32.3345648","34.8905446"
"בית לחם הגלילית","Bet Lehem Hagelilit","Beit Lehem Hagelilit","Beit Lechem Hagelilit","","","","","32.7346392","35.1890255"
"בית מאיר","Bet Me'ir","Beit Me'ir","","","","","","31.7938486","35.0356995"
"בית נחמיה","Bet Nehemya","Beit Nehemya","Beit Nechemya","","","","","31.9763973","34.9545418"
"בית ניר","Bet Nir","Beit Nir","","","","","","31.6472934","34.874131"
"בית נקופה","Bet Nekofa","Beit Nekofa","","","","","","31.8028567","35.1252694"
"בית עובד","Bet Oved","Beit Oved","","","","","","31.9220477","34.7743859223907"
" בית עוזיאל","Bet Uzi'el","Beit Uzi'el","","","","","","31.87106165","34.9047724542531"
"בית עזרא","Bet Ezra","Beit Ezra","","","","","","31.7350266","34.6564745"
"בית עריף","Bet Arif","Beit Arif","","","","","","31.996389","34.935"
"בית צבי","Bet Tsevi","Beit Tsevi","Beit Zvi","Beit Tsvi","","","",,
"בית קמה","Bet Kama","Beit Kama","","","","","","31.44761325","34.7612862127073"
"בית קשת","Bet Keshet","Beit Keshet","","","","","","32.7184192","35.3954738"
"בית רבן","Bet Rabban","Beit Rabban","Beit Raban","","","","","31.8160135","34.7267503"
"בית רימון","Bet Rimmon","Beit Rimmon","Beit Rimon","","בית רמון","","","32.7815144","35.3275501183919"
"בית שאן","Bet She'an","Beit She'an","","","","","","32.4967519","35.4973022"
"בית שמש","Bet Shemesh","Beit Shemesh","","","","","","31.7325308","34.9906658076147"
"בית שערים","Bet She'arim","Beit She'arim","","","","","","32.69783125","35.1784853220534"
"בית שקמה","Bet Shikma","Beit Shikma","","","","","",,
"ביתן אהרן","Bitan Aharon","","","","","","",,
"ביתר עילית","Betar Illit","Betar Ilit","","","ביתר עלית","","","31.6949458","35.1180191"
"בלפורייה","Balfuriyya","Balfuriya","","","בלפוריה","","","32.6312894","35.296743"
"בן זכאי","Ben Zakkai","Ben Zakai","","","","","","31.85579895","34.7268475618722"
"בן עמי","Ben Ammi","Ben Ami","","","","","","33.00694605","35.1256208722175"
"בן שמן (כפר נוער)","Ben Shemen (Youth Village)","","","","","","","31.9602779","34.928056"
"בן שמן (מושב)","Ben Shemen","","","","","","","31.9544396","34.9222266"
"בני ברק","Bene Brak","Bnei Brak","","","","","","32.0873899","34.8324376"
"בני דרום","Bene Darom","Bnei Darom","","","","","","31.8201432","34.6929924"
"בני דרור","Bene Dror","Bnei Dror","","","","","","32.2618622","34.900238"
"בני יהודה","Bene Yehuda","Bnei Yehuda","","","","","","32.798752","35.6893192615086"
"בני עטרות","Bene Atarot","Bnei Atarot","","","","","","32.0224981","34.9100044"
"בני עיש","Bene Ayish","Bnei Ayish","","","","",""
"בני ציון ","Bene Tsiyyon","Bnei Tsiyyon","Bnei Zion","Bene Zion","","","","32.21853955","34.8679919202781"
"בני ראם","Bene Re'em","Bnei Re'em","","","","","","31.768836","34.791424909882"
"בניה","Benaya","Bnaya","","","","","","31.8441001","34.7490399139098"
"בנימינה","Binyamina","","","","","","","32.5209032","34.9431721"
"בסמה","Basma","","","","","","","31.2523924","34.9742475765533"
"בוסתן הגליל","Bustan Hagalil","","","","בסתן הגליל","","","32.9518835","35.0823317"
"בצרה","Batsra","Batzra","","","","","","30.502804","47.8342226"
"ביצרון","Bitsaron","Bizaron","","","","","","31.79780025","34.7256778073303"
"בצת","Betset","Bezet","","","","","","33.0708449","35.136107"
"בקוע","Beko'a","","","","","","","31.8302054","34.9271432"
"בקעות","Beka'ot","","","","","","","32.2428392","35.4536973"
"בר גיורה","Bar Giyyora","Bar Giora","","","בר גיורא","",""
"ברור חיל","Beror Hayil","","","","","",""
"ברוש","Berosh","","","","","","","31.3706464","34.6322938428196"
"בר-יוחאי","Bar Yoha'i","","","","","","","32.9975998","35.4479434"
"ברכה","Berakha","Beracha","","","","",""
"ברכיה","Berekhya","Berechia","","","","","","31.671288","34.6264959012075"
"ברעם","Bar'am","","","","","","","33.0576503","35.4344138723808"
"ברק","Barak","","","","","","","32.5421948","35.2652015983575"
"ברקאי","Barka'i","","","","","","","32.4746428","35.0307097"
"ברקן","Barkan","","","","","","","32.10873505","35.1080016052382"
"ברקת","Bareket","","","","","","","32.0161027","34.9459051132616"
"בת הדר","Bat Hadar","","","","","","","31.6462482","34.5958649921038"
"בת חן","Bat Hen","Bat Chen","","","","","","32.3590367","34.8740297"
"בת חפר","Bat Hefer","","","","","","","32.3330792","35.0129031642113"
"בת ים","Bat Yam","","","","","","","32.01444165","34.7495648659979"
"בת עין","Bat Ayin","","","","","","","31.6572642","35.1031872"
"בת שלמה","Bat Shelomo","Bat Shlomo","","","","","","32.5994386","35.0029516"
"גאולי תימן","Ge'ule Teman","Geulei Teiman","","","","","","32.3915638","34.9002521"
"גאולים","Ge'ulim","","","","","","","32.29948865","34.9507751621237"
"גאליה","Ge'alya","","","","","","","31.88511335","34.7641985535544"
"גבולות","Gevulot","Gvulot","","","","","","31.2101813","34.4663457002577"
"גבים","Gevim","","","","","","","31.5056649","34.6007551"
"גבע","Geva","","","","","",""
"גבע בנימין","Geva Binyamin","","","","","","","31.8502643","35.2741433"
"גבע כרמל","Geva Karmel","Geva Carmel","","","","","","32.6641481","34.9550099"
"גבעלים","Giv'olim","","","","","",""
"גבעון החדשה","Giv'on Hahadasha","Giv'on Hachadasha","","","גיבעון החדשה","","","31.8481668","35.1576746"
"גבעות","Geva'ot","","","","","","","31.67895905","35.1012444458024"
"גבעות בר","Giv'ot Bar","","","","","","","31.35601815","34.7597925742459"
"גבעת אבני","Giv'at Avni","","","","","","","32.7755706","35.4381406"
"גבעת אלה","Giv’at Ela","","","","","","","32.7208483","35.2448953"
"גבעת ברנר","Giv'at Brener","","","","","","","31.8674038","34.8005278"
"גבעת השלושה","Giv'at Hashelosha","","","","","","","32.0966671","34.9202779"
"גבעת זאב","Giv'at Ze'ev","","","","","","","31.8623329","35.1687498"
"גבעת חן","Giv'at Hen","","","","","",""
"גבעת חיים (איחוד)","Giv'at Hayyim (Me'uhad)","Giv'at Haim (Me'uhad)","","","","","","32.39946415","34.932681027705"
"גבעת חיים (מאוחד)","Giv'at Hayyim (Ihud)","Giv'at Haim (Ihud)","","","","","","32.3919177","34.9308443743706"
"גבעת יואב","Giv'at Yo'av","","","","","","","32.8002848","35.6838088"
"גבעת יערים","Giv’at Ye'arim","","","","","","","31.78684405","35.088766169538"
"גבעת ישעיה","Giv’at Yesha'yahu","","","","","",""
"גבעת כח","Giv'at Ko’ah","","","","","","","32.02933375","34.9351440593383"
"גבעת נילי","Giv'at Nili","","","","","",""
"גבעת עדה","Giv'at Ada","","","","","","","32.51811855","35.0046408841568"
"גבעת עוז","Giv'at Oz","","","","גבעת עז","","","32.5554736","35.1979593876542"
"גבעת שמואל","Giv'at Shemu'el","","","","","","","32.0764342","34.8500525"
"גבעת שמש","Giv'at Shemesh","","","","","",""
"גבעת שפירא","Giv'at Shapira","","","","","","","32.3581549","34.8763685155263"
"גבעתי","Giv'ati","","","","","","","31.7326965","34.6794081165314"
"גבעתיים","Giv'atayim","","","","","","","32.0729606","34.8113279"
"גברעם","Gevar'am","","","","","","","31.5924768","34.6126871658828"
"גבת","Gevat","Gvat","","","","","","32.6745368","35.2116299"
"גיבתון","Gibbton","Gibton","","","גבתון","","","31.88820495","34.7997564559735"
"גדות","Gadot","","","","","","","33.0180474","35.6185119277888"
"גדיש","Gadish","","","","","","","32.5595223","35.2449512654631"
"גדעונה","Gid'ona","","","","","","","32.5488458","35.3584607942992"
"גדרה","Gedera","","","","","","","31.81166535","34.7783229775113"
"גונן","Gonen","","","","","","","33.1227839","35.6438977"
"גזית","Gazit","","","","","","","32.6377038","35.4470078652524"
"גזר","Gezer","","","","","","","31.87610935","34.9202240843082"
"גיאה","Ge'a","","","","","","","31.6275573","34.6024158"
"גיזו","Gizo","","","","","","","31.8046929","34.9385289784158"
"גילון ","Gilon","","","","","","","32.9029028","35.2354622"
"גילת ","Gilat","","","","","","","31.3273943","34.6544994"
"גלאון","Gal'on","","","","","","","31.6333371","34.8500075"
"גלגל","Gilgal","","","","","",""
"גליל ים","Gelil Yam","Glil Yam","","","","","","32.15710335","34.8305011053217"
"גלעד (אבן יצחק)","Gal'ed (Even Yits'hak)","","","","","","","32.5577256","35.0771842"
"גמזו","Gimzo","","","","","",""
"גן הדרום","Gan Hadarom","","","","","","","31.804968","34.6998752250996"
"גן השומרון","Gan Hashomron","","","","","",""
"גן חיים","Gan Hayyim","Gan Haim","","","","","","32.19494845","34.9053701177111"
"גן יאשיה","Gan Yoshiyyahu","Gan Yoshiya","","","","","","32.3528262","34.9958201"
"גן יבנה","Gan Yavne","","","","","","","31.787109","34.7096635"
"גן-נר","Gan-Ner","","","","","","","32.53109995","35.3394435853057"
"גן שורק","Gan Sorek","","","","","","","31.944725","34.7619154083432"
"גן שלמה","Gan Shelomo","Gan Shlomo","","","","","","31.8776008","34.798122"
"גן שמואל","Gan Shemu'el","","","","","","","32.4499819","34.9500006"
"גינוסר","Ginnosar","Ginosar","","","","","","32.8473936","35.5250434"
"גנות","Gannot","Ganot","","","","","","32.018611","34.829167"
"גנות הדר","Gannot Hadar","Ganot Hadar","","","","","","32.3195061","34.9001402"
"גני הדר","Ganne Hadar","Ganei Hadar","","","","","","31.8783773","34.8543901471239"
"גני יהודה","Ganne Yehuda","Ganei Yehuda","","","","","","32.04081435","34.8752389157293"
"גני יוחנן","Ganne Yohanan","Ganei Yohanan","Ganei Yochanan","","","","","31.86029","34.8407361"
"גני תקווה","Ganne Tikva","Ganei Tikva","","","גני תקוה","","","32.0604256","34.8760954"
"גיניגר","Ginnegar","Ganigar","","","גניגר","",""
"גניעם","Ganne'am","Ganei'am","","","","",""
"גינתון","Ginnaton","Ginaton","","","גנתון","","","31.9630715","34.9153859"
"געש","Ga'ash","","","","","","","32.2300651","34.8236106"
"געתון","Ga'ton","","","","","","","33.0062615","35.2137247063089"
"גפן","Gefen","","","","","","","31.7413923","34.8781399893812"
"גרופית","Gerofit","Grofit","","","","","","29.94111255","35.0644311308593"
"גורן","Goren","","","","גרן","","","33.0563915","35.2369902"
"גורנות הגליל","Gornot Hagalil","","","","גרנות הגליל","",""
"גשור","Geshur","","","","","","","32.8184698","35.7182696"
"גשר","Gesher","","","","","","","32.6215851","35.5520166458144"
"גשר הזיו","Gesher Haziv","","","","","","","33.0405527","35.1108089"
"גת (קיבוץ)","Gat","","","","","",""
"גת רימון","Gat Rimmon","","","","","","","32.06848095","34.8797510508939"
"גיתה","Gitta","Gita","","","","","","32.9672482","35.249074"
"גיתית","Gittit","Gatit","","","גתית","","","32.101492","35.396158"
"דבורה","Devora","Dvora","","","","","","32.5524942","35.2636693"
"דבירה","Devira","Dvira","","","","",""
"דוברת","Dovrat","","","","דברת","",""
"דגניה א'","Deganya (Alef)","Dganya Alef","","","","","","32.7084791","35.5748582"
"דגניה ב'","Deganya (Bet)","Dganya Bet","","","","","","32.699944","35.5753946342093"
"דובב","Dovev .","","","","","","","33.0530524","35.408328"
"דור","Dor","","","","","","","32.6075675","34.923046"
"דורות","Dorot","","","","","","","31.50570695","34.6453216765477"
"דימונה","Dimona","","","","","","","31.066667","35.033333"
"דישון","Dishon","","","","","","","33.0813243","35.5175202"
"דולב","Dolev","","","","","","","31.92643605","35.133859898351"
"דליה","Daliyya","Dalia","","","דלייה","","","32.589315","35.0758253"
"דלתון","Dalton","","","","","","","33.016717","35.4899525674023"
"דמידה","Dhamaida","Damida","","","","",""
"דן","Dan","","","","","","","33.24015085","35.6530922289284"
"דפנה","Dafna","","","","","","","33.23013695","35.6385061249892"
"דקל","Dekel","","","","","","","31.1940667","34.347864"
"האון","Ha'on","","","","","","","32.7241729","35.6216586"
"הבונים","Habonim","","","","","","","32.6369149","34.9327688"
"הגושרים","Hagoshrim","","","","","","","33.2202641","35.623007738917"
"הדר עם","Hadar Am","","","","","","","32.3491672","34.8999929170084"
"הוד השרון","Hod Hasharon","","","","","","","32.1561974","34.8930354"
"הודיה","Hodiyya","Hodia","Hodaya","","","","","31.6743748","34.6381488619839"
"הודיות","Hodayot","","","","","",""
"הושעיה","Hosha'ya","","","","","","","32.7584196","35.2914024806904"
"הזורע","Hazore’a","","","","","","","32.6447282","35.120838"
"הזורעים","Hazor’im","","","","","","","32.74538895","35.503587217182"
"החותרים","Hahotrim","Hachotrim","","","","","","32.7514976","34.9567795"
"היוגב","Hayogev","","","","","","","32.6088889","35.1994451"
"הילה","Hilla","Hila","","","","","","33.0358267","35.2443398"
"המעפיל","Hama'pil","","","","","","","32.3777393","34.9831207661996"
"הסוללים","Hasolelim","","","","","","","32.7492484","35.238343"
"העוגן","Ha'ogen","","","","","","","32.36177915","34.9247346718006"
"הר-אדר","Har Adar","","","","","","","31.8244114","35.1301594"
"הר גילה","Har Gillo","Har Gilo","","","","","","31.72208965","35.1706925699839"
"הר-עמשא","Har Amasa","","","","","","","31.34322165","35.101790026034"
"הראל","Har'el","","","","","","","31.808773","34.9508632"
"הרדוף","Harduf","","","","","","","32.7634076","35.1736905284993"
"הרצליה","Herzeliyya ","Hertsetiyya","Herzelia","","","","","32.17277555","34.8308087467599"
"הררית","Hararit","","","","","","","32.84591315","35.3684554139919"
"השביל לגבעה","Hashvil Lagiv'a","","","","","",""
"ורד יריחו","Vered Yeriho","Vered Yericho","","","","","","31.8262979","35.4326578"
"ורדון","Vardon","","","","","","","31.6635292","34.7821917"
"זבדיאל","Zavdi'el","","","","","","","31.6584287","34.759748"
"זוהר","Zohar","","","","","","","31.5953797","34.6923080180827"
"זיקים","Zikim","","","","","","","31.6088878","34.5210359"
"זיתן","Zetan","Zaitan","","","","","","31.9753923","34.891423"
"זיכרון יעקוב","Zikhron Ya'akov","","","","","",""
"זכריה","Zekharya","","","","","","","31.70956195","34.9448461421063"
"זמרת","Zimrat","","","","","",""
"זנוח","Zano'ah","","","","","","","31.73175225","34.9995866735402"
"זרועה","Zeru'a","","","","","","","31.4593766","34.6235081"
" זרזיר","Zarzir","","","","","","","32.7257121","35.2172287"
"זרחיה","Zerahya","Zerachya","Zerachia","","","","","31.68220945","34.7450950323756"
"חבצלת השרון","Havatselet Hasharon","Havazelet Hasharon","","","","","","32.359133","34.8649136"
"חבר","Hever","","","","","","","32.5487129","35.2643296"
"חיבת ציון","HibbatTsiyyon","","","","חבת ציון","","","32.3988736","34.9123365923093"
"חגור","Hagor","","","","","","","32.1375681","34.9481658"
"חגי","Haggai","","","","","",""
"חוגלה","Hogla","","","","חגלה","","","32.3875165","34.9257315"
"חד-נס","Had-Nes","","","","","","","32.9289144","35.6405195"
"חדיד","Hadid","","","","","","","31.9683369","34.9344414"
"חדרה","Hedera","","","","","","","32.43699","34.9198258"
"ח'ואלד","Khawalid","","","","","",""
"חולון","Holon","","","","","","","32.01598455","34.7857604798056"
"חולית","Holit","","","","","","","31.2304765","34.326578"
"חולתה","Hulata","","","","","","","33.0511117","35.6091616"
"חופית","Hofit","","","","","","","32.3856901","34.8751115"
"חוקוק","Hukok","","","","","","","32.87946855","35.4955895044394"
"חורה","Hura ","","","","","","","31.2972468","34.9379061"
"חורשים","Horashim","","","","","","","32.1394933","34.9711024"
"חזון","Hazon","","","","","","","32.9057937","35.3962720452296"
"חיפה","Haifa","Hefa","","","","","","32.8191218","34.9983856"
"חולדה","Hulda","","","","","","","31.8311135","34.8828116"
"חלוץ","Haluts","Halutz","Chaluz","","","",""
"חלמיש","Hallamish","Halamish","","","","","","32.0074735","35.1274798"
"חלץ","Helets","Helez","","","","","","31.5774293","34.6575334"
"חמד","Hemed","","","","","","","32.0181056","34.8419368"
"חמדיה","Hamadya","","","","","","","32.5201037","35.5203765"
"חמדת","Hemdat","","","","","","","32.2510732","35.5261486069475"
"חמדת ימים","Hemdat Yamim","","","","","","","32.94905565","35.4247403095932"
"חמרה","Hamra","","","","","","","32.20012435","35.4364035809343"
"חניאל","Hanni'el","","","","","","","32.33353755","34.9491509741947"
"חניתה","Hanita","","","","","","","33.08729075","35.1720047125338"
"חיננית","Hinnanit","Chinanit","","","","","","32.4806852","35.1731704237737"
"חנתון","Hannaton","Hanaton","","","","","","32.7820845","35.2431304"
"חוסן","Hosen","Chosen","","","","","","32.9987285","35.2991333258182"
"חספין","Hapin","Chaspin","","","","",""
"חפץ חיים","Hafets Hayyim","Hafez Haim","","","","","","31.7896156","34.8019383"
"חפצי-בה","Heftsi-Va","Hefziva","Hefziba","","","",""
"חצב","Hatsav","Hazav","Chatav","","","","","31.7792706","34.769364"
" חצבה","Hatseva","Hazeva","Chazeva","","","","","30.7683588","35.2803491036117"
"חצור-אשדוד","Hatsor-Ashdod","Hazor-Ashdod","","","","","","31.7730925","34.7210185"
"חצור הגלילית","Hatsor Hagelilit","Hazor Haglilit","","","","","","32.9791697","35.543327"
"חצרות יסף","Hatserot Yassaf","","","","","",""
"חצרים","Hatserim","Hazerim","Chazerim","","","","","31.24041","34.7150744"
"חרב לאת","Herev Le'et","","","","","","","32.4021561","34.9161184"
"חרוצים","Hrutsim","","","","","","","32.2274932","34.8647731"
"חירות","Herut","","","","","",""
"חרמש","Hermesh","","","","","","","32.4233797","35.1192353"
"חרשים","Harashim","","","","","","","32.95664685","35.3279882006047"
"חשמונאים","Hashmona'im","","","","","","","31.9325795","35.0238538"
"טבריה","Tiberias","Teverya","Tabariyya","","","","","32.78891035","35.5263692168057"
"טירת יהודה","Tirat Yehuda","","","","","","","32.0127044","34.9323029272868"
"טירת כרמל","Tirat Karmel","Tirat HaKarmel","","","טירת הכרמל","",""
"טירת צבי","Tirat Tsvi","Tirat Zvi","","","","","","32.4218582","35.5279708"
"טל-אל","Tal-El","","","","","","","32.9272568","35.1791110888041"
"טל שחר","Tal Shahar","Tal Sachar","","","","","","31.80403115","34.9015258299398"
"טללים","Telalim","","","","","","","30.9930097","34.7717601467565"
"טלמון","Talmon","","","","","","","31.93939415","35.1321181747292"
"טנא","Tene","","","","","","","31.3756971","34.9572511"
"טפחות","Tefahot","","","","","","","32.86870975","35.421828811994"
"יבול","Yevul","","","","","","","31.1887802","34.3203981"
"יבנאל","Yavne'el","","","","","","","32.7027107","35.5030115"
"יבנה","Yavne ","","","","","","","31.8761804","34.7380919"
"יגור","Yagur","","","","","","","32.7427653","35.0781197"
"יגל","Yagel","","","","","","","31.98837745","34.8803980113784"
"יד בנימין","Yad Binyamin","","","","","","","31.7979471","34.8220518206905"
"יד השמונה","Yad Hashemona","","","","","","","31.8104786","35.0900744"
"יד חנה","Yad Hanna","","","","","","","32.32628185","35.0053783785431"
"יד לשריון","Yad Lashiryon","","","","","",""
"יד מרדכי","Yad Mordekhai","","","","","","","31.5886436","34.5588846974307"
"יד נתן","Yad Natan","","","","","","","31.6528819","34.7055051"
"יד רמבם","Yad Rambam","","","","","",""
"ידידה","Yedida","Yedidya","","","","",""
"יהוד","Yehud","Yahud","","","","","","32.0340632","34.8939595"
"יהל","Yahel","","","","","","","30.0829647","35.1284720351481"
"יובל","Yuval","","","","","","","33.2468612","35.5979558"
"יובלים","Yuvallim","Yuvalim","","","","","","32.879666","35.2722579"
"יודפת","Yodfat","","","","","","","32.8372072","35.2733202"
"יונתן","Yonatan","","","","","","","32.937221","35.7935992780599"
"יושיביה","Yoshivya","","","","","","","31.4435485","34.6091452"
"יזרעאל","Yizre'el","","","","","","","32.5625005","35.3222301"
"יחיעם","Yehi'am","","","","","","","32.9963431","35.2202787111439"
"יוטבתה","Yotvata","","","","","",""
"ייטב","Yitav","","","","","",""
"יכיני","Yakhini","","","","","","","31.48265745","34.6004786049338"
"ינוב","Yanuv","","","","","","","32.3065392","34.9490977"
"יינון","Yinnon","","","","","","","31.7425076","34.7839468635368"
"יסוד המעלה","Yesud Hama'ala","","","","","","","33.0573811","35.6030157"
"יסודות ","Yesodot","","","","","","","31.8155484","34.8660748"
"יסעור","Yas'ur","","","","","","","32.8994397","35.1659414"
"יעד ","Ya'ad","","","","","","","32.8789159","35.2427432628329"
"יעל","Ya'el","","","","","","","32.5519235","35.3079001"
"יעלון","Ya’alon","","","","","","","30.0514815","35.0417914"
"יעף","Ye'af","","","","","","","32.26824745","34.966529654687"
"יערה ","Ya'ara","","","","","","","33.0672413","35.1862377551545"
"יפית ","Yafit","","","","","","","32.06347105","35.4742763311801"
"יפעת","Yifat","","","","","","","32.6785369","35.2234979088194"
"יפתח","Yiftah","","","","","","","33.1286135","35.5519473"
"יצהר","Yits'har","Yizhar","","","","","","32.1677525","35.2373641"
"יציץ","Yatsits","Yaziz","","","","","","31.8632392","34.8620957529929"
"יקום","Yakum","","","","","","","32.2469142","34.8435455"
"יקיר","Yakkir","Yakir","","","","","","32.1503253","35.1126686507944"
"יקנעם (מושבה)","Yokne'am","","","","","",""
"יקנעם עילית","Yokne'am Illit","Yokne'am Ilit","","","","","","32.6548897","35.0992076943716"
"יראון","Ir'on","Yaron","","","","","","33.07708605","35.4549131957978"
"ירדנה","Yardena","","","","","","","32.5654737","35.5649851563016"
"ירוחם","Iroham","Yerucham","Yeruham","","","","","30.9880622","34.9296299"
"ירושלים","Jerusalem","Yerushalayim","","","","","","31.7893785","35.2231847980993"
"ירחיב","Yarhiv","Yarchiv","","","","","","32.1525257","34.967283"
"ירקונה","Yarkona","","","","","","","32.1449054","34.8982397"
"ישע","Yesha","","","","","","","31.2464021","34.4036748"
"ישעי","Yish'i","","","","","","","31.7506421","34.9689599"
"ישרש","Yashresh","","","","","","","31.915785","34.8499267"
"יתד","Yated","","","","","","","31.2059601","34.3274363"
"יתיר","Yattir","Yatir","","","","","","31.3475146","35.0605823"
"כברי","Kabri","","","","","","","33.0213896","35.1477776"
"כדורי","Kadduri","Kaduri","","","","",""
"כוכב השחר","Kokhav Hashahar","Kochav HaShachar","","","","","","31.9602836","35.3494858"
"כוכב יאיר","Kokhav Ya'ir","Kochav Yair","","","","","","32.2205493","34.9907360970497"
"כוכב יעקב","Kokhav Ya'akov","Kochav Ya'akov","","","","","","31.881793","35.2448595"
"כוכב מיכאל","Kokhav Mikha'el","Kochav Michael","","","","","","31.62853905","34.6711120936797"
"כורזים","Korazim","","","","","","","32.9098006","35.552347175472"
"כחל","Kahal","","","","","","","32.8913179","35.5107113"
"כישור","Kishor","","","","","","","32.94539475","35.250273078888"
"כליל","Kelil","Klil","","","","","","32.9855303","35.2004778"
"כלנית","Kallanit","Kalanit","","","","","","32.8749932","35.4527711"
"כמאנה","Kamana","","","","","","","32.90778735","35.3412084255953"
"כמהין","Kemehin","Kmehin","","","","","","30.9100139","34.4310272"
"כמון","Kammon","Kamun","Kamon","","","","","32.9088442","35.3605953"
"כנות","Kannot","Kanot","","","","","","31.80237865","34.7514961448877"
"כנף","Kanaf","","","","","","","32.8700902","35.6977495807843"
"כינרת (מושבה)","Kinneret","Kineret","","","","",""
"כינרת (קבוצה)","Kinneret (Kevutsa)","Kineret (Kvuza)","","","","",""
"כיסופים","Kissufim","Kisufim","","","כספים","","","31.3741608","34.3994488"
"כסלון","Kesalon","Ksalon","","","","","","31.77458645","35.0475808229468"
"כפר אביב","Kefar Aviv","Kfar Aviv","","","","","","31.83250795","34.7204565960232"
"כפר אדומים","Kefar Adummim","Kfar Adumim","","","כפר אדמים","","","31.8242453","35.335858627434"
"כפר אוריה","Kefar Uriyya","Kfar Uriya","","","","","","31.7919952","34.9465718"
"כפר אזר","Kefar Azar","Kfar Azar","","","","","","32.0557826","34.8398622813124"
"כפר אחים","Kefar Ahim","Kfar Achim","","","","","","31.7448291","34.7563983"
"כפר ביאליק","Kefer Bialik","Kfar Bialik","","","","","","32.8213715","35.0870033787098"
"כפר בילו","Kefar Bilu","Kfar Bilu","","","","","","31.8714201","34.8279165"
"כפר בלום","Kefar Blum","Kfar Blum","","","","","","33.1713196","35.6102279"
"כפר בן-נון","Kefer Bin Nun","Kfar Bin-Nun","","","","","","31.8619924","34.9479242517121"
"כפר ברוך","Kefar Barukh","Kfar Barukh","Kfar Baruch","","","","","32.64652405","35.1902787035037"
"כפר גדעון","Kefar Gide'on","","","","","","","32.6433503","35.2911008322252"
"כפר גלים","Kefar Gallim","Kfar Galim","","","","","","32.7667619","34.9593952"
"כפר גליקסון","Kefar Glikson","","","","","","","32.5057868","35.0054598712338"
"כפר גלעדי","Kefar Gil'adi","Kfar Giladi","","","","","","33.2425769","35.575454790697"
"כפר דניאל .","Kefar Daniyyel","Kfar Daniel","","","","","","31.9332996","34.9326218"
"כפר האורנים","Kefar Ha'oranim","Kfar HaOranim","","","כפר ארנים","","","31.9187458","35.0379185713544"
"כפר החורש","Kefar Hahoresh","Kfar HaHoresh","Kfar HaChoresh","","כפר החרש","","","32.7013318","35.2741896"
"כפר המכבי","Kefar Hamakkabi","Kfar HaMakabi","Kfar HaMaccabi","Kfar HaMacabi","","","","32.79011605","35.1148302413235"
"כפר הנגיד","Kefar Hangid","Kfar HaNagid","","","","","","31.88775195","34.7481009305906"
"כפר הנוער הדתי","Kefar Hano'ar Hadati","Kfar Hanoar Hadati","","","כפר הנער הדתי","","","32.7427337","35.1010160333977"
"כפר הנשיא","Kefar Hanasi","Kfar Hanasi","","","","","","32.97449525","35.6032752761321"
"כפר הס","Kefar Hess","Kfar Hess","","","","","","32.2457804","34.9339746"
"כפר הראה","Kefar Haro'e","Kfar Haro'e","","","","",""
"כפר הריף","Kefar Harif","Kfar Harif","Kfar Charif","","","","","31.7455538","34.7902438"
"כפר ויתקין","Kefar Vitkin","Kfar Vitkin","","","","","","32.3812481","34.876036"
"כפר ורבורג","Kefar Warburg","Kfar Warburg","Kfar Varburg","Kefar Warburg","","","","31.7197544","34.7267362055438"
"כפר ורדים","Kefar Veradim","Kfar Veradim","Kfar Vradim","Kefar Vradim","","","","32.9972507","35.2725342"
"כפר זוהרים","Kefar Zoharim","Kfar Zoharim","","","כפר זהרים","",""
"כפר זיתים","Kefar Zetim","Kfar Zetim","","","","","","32.8106577","35.4637873"
"כפר חבד","Kefar Habad","Kfar Habad","Kfar Chabad","Kefar Chabad","","","","31.9905989","34.8493049293336"
"כפר חיטים","Kefr Hittim","Kefr Hittim","Kfar Hitim","","כפר חטים","","","32.8002015","35.5025386772213"
"כפר חיים","Kefar Hayyim","Kfar Hayyim","Kfar Haim","Kefar Haim","","","","32.3553502","34.8980185"
"כפר חנניה","Kefar Hananya","Kfar Hananya","","","","","","32.9158025","35.4237856"
"כפר חסידים א'","Kefar Hasidim Alef","Kfar Hasidim Alef","","","","",""
"כפר חסידים ב'","Kefar Hasidim Bet","Kfar Hasidim Bet","","","","",""
"כפר חרוב","Kefar Haruv","Kfar Haruv","Kfar Charuv","Kefar Charuv","","","","32.7621334","35.6632148864924"
"כפר חושן","Kefar Hoshen","Kfar Hoshen","Kfar Choshen","Kefar Choshen","כפר חשן","","","33.0108471","35.4386655"
"כפר טרומן","Kefar Truman","Kfar Truman","","","","","","31.980556","34.921667"
"כפר ידידיה","Kefar Yedidya","Kfar Yedidya","","","","","","32.34525165","34.9000770756033"
"כפר יהושוע","Kefar Yehoshu'a","Kfar Yehoshu'a","","","כפר יהושע","",""
"כפר יונה","Kefar Yona","Kfar Yona","","","","","","32.3147942","34.9304647"
"כפר יחזקאל","Kefar Yehezkel","Kfar Yehezkel","","","","","","32.5668159","35.3589060722186"
"כפר יעבץ","Kefar Ya'bez","Kfar Ya'bez","Kfar Kavez","Kefar Kavez","","","","32.27409715","34.9665309228887"
"כפר מונש","Kefar Monash","Kfar Monash","","","","","","32.3475348","34.9162242"
"כפר מימון","Kefar Maimon","Kfar Maimon","Kefar Maymon","Kfar Maymon","","",""
"כפר מלל","Kefar Mallal","Kfar Mallal","Kfar Malal","Kefar Malal","","",""
"כפר מנחם","Kefar Menahem","Kfar Menahem","Kfar Menachem","Kefar Menachem","","","","31.7319372","34.8351009"
"כפר מסריק","Kefar Masaryk","Kfar Masaryk","","","","","","32.89010965","35.0989421980467"
"כפר מרדכי","Kefar Mordekhai","Kfar Mordekhai","","","כפר מורדכי","","","31.8315584","34.7572236402457"
"כפר נטר","Kefar Netter","Kfar Netter","Kfar Neter","Kefar Neter","","","","32.2791113","34.8759585"
"כפר סולד","Kefar Sold","Kfar Sold","","","","",""
"כפר סבא","Kefar Sava","Kfar Sava","Kfar Saba","Kefar Saba","","","","32.1791571","34.913967242464"
"כפר סילבר","Kefar Silver","Kfar Silver","","","","","","31.6736685","34.6117263"
"כפר סירקין","Kefar Sirkin","Kfar Sirkin","","","","","","32.0781172","34.9252846915359"
"כפר עזה","Kefar Azza","Kfar Azza","Kfar Aza","Kefar Aza","","","","31.48443255","34.5337017969604"
"כפר עציון","Kefar Etsyon","Kfar Etsyon","Kfar Ezion","Kefar Ezion","","","","31.65031945","35.1157715863641"
"כפר פינס","Kefar Pines","Kfar Pines","","","","","","32.48417635","35.0039044507435"
"כפר קיש","Kefar Kisch","Kfar Kisch","Kfar Kish","Kefar Kish","","","","32.6671198","35.4487327741926"
"כפר ראש הנקרה","Kefar Rosh Hanikra","Kfar Rosh Hanikra","","","","",""
"זרעית","Kefar Rozenwald (Zar’it)","Kfar Rozenwald","Zar'it","Kfar Rozenvald","כפר רוזנואלד","","","33.0996431","35.2886449"
"כפר רופין","Kefar Rupin","Kfar Rupin","","","","","","32.45717265","35.5566739359508"
"כפר רות","Kefar Rut","Kfar Rut","","","","","","31.9104902","35.0355775299747"
"כפר שמאי","Kefar Shama'i","Kfar Shama'i","","","","","","32.95685945","35.4575227279504"
"כפר שמואל","Kefar Shemuel","Kfar Shemuel","Kfar Shmuel","Kefar Shmuel","","","","31.889522","34.9322846445385"
"כפר שמריהו","Kefar Shemaryahu","Kfar Shemaryahu","Kefar Shmaryahu","Kfar Shmaryahu","","","","32.1856909","34.8254717308706"
"כפר תבור","Kefar Tavor","Kfar Tavor","","","","","","32.6867186","35.4223868"
"כפר תפוח","Kefar Tappu’ah","Kfar Tappu’ah","Kfar Tapuach","Kefar Tapuach","","","","32.1181943","35.2498947"
"כרי דשא","Kare Deshe","Karei Deshe","","","","","","32.8653965","35.5387933"
"כרכום","Karkom","","","","כרכם","","","32.929284","35.6077163"
"כרם בן זמרה","Kerem Ben Zimra","","","","כרם בן זימרה","","","33.03826245","35.4670766977778"
"כרם בן שמן","Kerem Ben Shemen","","","","","",""
"כרם יבנה (ישיבה)","Kerem Yavne","","","","","",""
"כרם מהרל","Kerem Maharal","","","","","","","32.6457289","34.9896712"
"כרם שלום","Kerem Shalom","","","","","","","31.2278414","34.2843306517967"
"כרמי יוסף","Karme Yosef","Karmei Yosef","","","","","","31.8475547","34.9195326277788"
"כרמי צור","Karme Tsur","Karmei Tsur","Karme Zur","Karmei Zur","","","","31.60980815","35.1014412636445"
"כרמיאל","Karmi'el","Carmiel","","","","","","32.9159143","35.2934337"
"כרמיה ","Karmiyya","Karmia","","","כרמייה","","","31.60500525","34.5428369659192"
"כרמים","Keramim","Kramim","","","","","","31.3315718","34.917635434655"
"כרמל","Karmel","Carmel","","","","","","31.43151865","35.1828790292958"
"לבון","Lavon","","","","","","","32.9424255","35.2869106"
"לביא","Lavi","","","","","","","32.7872253","35.4416661"
"לבנים","Livnim","","","","","",""
"לוד","Lod","Lud","Lydda","","","","","31.9427261","34.884778"
"להב","Lahav","","","","","","","31.37940215","34.8698634944439"
"להבות הבשן","Lahavot Habashan","","","","","","","33.1406178","35.646246"
"להבות חביבה","Lahavot Haviva","","","","","","","32.3960216","35.0100414"
"להבים","Lehavim","","","","","","","31.3722833","34.8169433"
"לוזית","Luzit","","","","","","","31.68620945","34.8861987460674"
"לוחמי הגטאות","Lohame Hageta'ot","","","","","","","32.9628515","35.097375"
"לוטן","Lotan","","","","","","","29.9867806","35.0886439"
"לוטם","Lotem","","","","לטם","","","32.8823864","35.3585870480817"
"לימן","Liman","","","","","","","33.0598469","35.1127981709159"
"לכיש","Lakhish","Lachish","","","","","","31.5614602","34.8431593403996"
"לפיד","Lappid","Lapid","","","","","","31.91717365","35.0318243461496"
"לפידות","Lappidot","Lapidot","","","","","","32.95904325","35.2620081116238"
"מאור","Ma'or","","","","","","","32.4239237","35.006394"
"מאיר שפיה","Me'ir Shfeya","","","","","",""
"מבוא ביתר","Mevo Betar","Mavo Betar","","","","",""
"מבוא דותן","Mevo Dotan","Mavo Dotan","","","","","","32.420474","35.1736045"
"מבוא חורון","Mevo Horon","Mavo Horon","","","","","","31.8505047","35.0346103"
"מבוא חמה","Mevo Hamma","Mavo Hamma","Mevo Hama","","","","","32.7363463","35.6556132"
"מודיעים","Mevo Modi'im","Mavo Modi'im","","","","",""
"מבואות ים","Mevo'ot Yam","","","","","",""
"מבועים","Mabu'im","","","","","","","31.4492727","34.6547505"
"מבטחים","Mivtahim","Mivtachim","","","","","","31.2418525","34.4086529"
"מבקיעים","Mavki'im","","","","","","","31.6221558","34.5771198"
"מבשרת ציון","Mevasseret Tsiyyon","Mevasert Zion","Mevasseret Zion","","","","","31.8057198","35.152731"
"מגידו","Megiddo","Megido","","","מגדו","","","32.5791034","35.1801136227818"
"מגדים","Megadim","","","","","","","32.72944235","34.9622359478863"
"מגדל","Migdal","","","","","","","32.8386162","35.4992776"
"מגדל העמק","Migdal Ha'emek","","","","","","","32.6765718","35.2413237"
"מגדל עוז","Migdal Oz","","","","מגדל עז","","","31.6426886","35.1462177"
"מגדל תפן","Migdal Tefen","","","","","","","32.97539475","35.2767312018262"
"מגדלים","Migdalim","","","","מיגדלים","","","32.0898796","35.3423054"
"מגל","Maggal","Magal","","","","","","32.383889","35.035833"
"מגן","Magen","","","","","","","31.30015275","34.4281303836168"
"מגן שאול","Magen Sha'ul","","","","","","","32.5206793","35.3067307"
"מגשימים","Magshimim","","","","","","","32.0470353","34.8993144"
"מדרך עוז","Midrakh Oz","","","","","",""
"מדרשת בן גוריון","Midreshet Ben Gurion","","","","","",""
"מדרשת רופין","Midreshet Rupin","","","","","",""
"מודיעין","Modi'in","","","","","",""
"מודיעין עילית","Modi'in Illit","Modi'in ilit","","","מודיעין עלית","","","31.93296855","35.0437847779276"
"מולדת","Moledet","","","","","","","32.586104","35.4388869"
"מוצא עילית","Motsa Illit","Motza Illit","Motza Ilit","","מוצא עלית","","","31.7934936","35.1565626"
"מורן","Moran","","","","","","","32.91851185","35.3971026172101"
"מורשת","Moreshet","","","","","","","32.8274319","35.2322531587868"
"מזור","Mazor","","","","","","","32.0507914","34.9314185"
"מזכרת בתיה","Mazkeret Batya","","","","","","","31.85105975","34.8424816716437"
"מזרע","Mizra","","","","","","","32.65102365","35.2864275447354"
"מחולה","Mehola","","","","","","","32.3652291","35.5156271"
"מחניים","Mahanayim","","","","מחנים","","","32.9889507","35.5707211543194"
"מחסיה","Mahseya","Machsiya","","","","","","31.7481682","35.0073522"
"מטולה","Metula","","","","","","","33.2790717","35.5795864"
"מטע","Matta","Mata","","","","","","31.7168257","35.061838"
"מי עמי","Me Ammi","Mei Ami","","","","","","32.5046107","35.1470453"
"מיטב","Metav","","","","","","","32.5457376","35.301291"
"מירון","Meron","","","","","","","32.98771895","35.4399615654426"
"מישר","Meshar","","","","","","","31.81751985","34.7521634963213"
"מיתר","Metar","","","","","","","31.3265397","34.9401601"
"מכבים-רעות","Makkabbim-Re'ut","Makabim-Re'ut","Macabim-Re'ut","","","","","31.9072265","35.006404"
"מכורה","Mekhora","","","","","","","32.16512555","35.4228732475719"
"מכמנים","Mikhmanim","Michmanim","","","","","","32.9061108","35.3287602"
"מכמורת","Mikhmoret","Michmoret","","","מכמרת","","","32.40463965","34.8706201135751"
"מלאה","Mele'a","","","","","","","32.5636301","35.2338552181353"
"מלילות","Melilot","","","","","","","31.3891239","34.5940713463421"
"מלכיה","Malkiyya","Maklkia","","","מלכייה","","","33.0994238","35.5107126"
"מלכישוע ־","Malkishu'a","","","","","","","32.4384617","35.4140967"
"מנוחה","Menuha","Menucha","","","","","","31.65673875","34.778066400172"
"מנוף","Manof","","","","","","","32.85398225","35.2357483760516"
"מנות","Manot","","","","","","","33.038561","35.1943863"
"מנחמיה","Menahemya","Menachamia","","","","","","32.6670217","35.5555869"
"מנרה","Menara","Manara","","","","","","33.195939","35.5446083"
"מסד","Massad","Masad","","","","","","32.843898","35.4228887471298"
"מסדה","Massada","Masada","","","","","","32.683069","35.5987945"
"מסלול","Maslul","","","","","","","31.3253414","34.5885814"
"מסילות","Mesillot","Mesilot","","","מסלות","","","32.49491445","35.474455307454"
"מסילת ציון","Mesillat Tsiyon","Mesilat Zion","Mesillat Zion","","מסלת ציון","","","31.8015388","35.0126276"
"מעברות","Ma'barot","","","","","","","32.3632789","34.9050496924925"
"מעגלים","Ma'galim","","","","","","","31.396505","34.6001528120636"
"מעגן","Ma'agan","","","","","","","32.7066582","35.5997442227475"
"מעגן מיכאל","Ma'agan Mikha'el","Magan Michael","Ma'agan Michael","","","","","32.55526225","34.9167529238798"
"מעון","Ma'on","","","","","","","31.4134505","35.1628470967474"
"מעונה","Me'ona","","","","","","","33.0166283","35.2610095379017"
"מעוז חיים","Ma'oz Hayyim","Maoz Haim","","","מעז חיים","","","32.4934941","35.5504890201784"
"מעיין ברוך","Ma'yan Barukh","Ma'yan Baruch","","","מעין ברוך","","","33.2400797","35.6086551"
"מעיין צבי","Ma'yan Tsevi","Ma'yan Zvi","","","מעין צבי","","","32.5675232","34.9404699"
"מעלה אדומים","Ma’aLe Adummim","Ma’aLe Adumim","","","מעלה אדמים","","","31.7705643","35.2987457"
"מעלה אפרים","Ma'ale Efrayim","","","","","","","32.0707628","35.4034322"
"מעלה גלבוע","Ma'ale Gilbo'a","","","","מעלה גלבע","מעלה גילבוע","","32.4780173","35.4174978"
"מעלה גמלא","Ma'ale Gamla","","","","","","","32.88792235","35.6844828645815"
"מעלה החמישה","Ma'ale Hahamisha","","","","מעלה החמשה","","","31.8181538","35.1094946545681"
"מעלה לבונה","Ma'ale Levona","","","","","","","32.0551755","35.2399932698674"
"מעלה מכמש","Ma'ale Mikhmash","Ma'ale Michmash","","","","","","31.87932385","35.3053760625104"
"מעלה עירון","Ma'ale Iron","Ma'ale Yiron","","","","","","32.54934725","35.1551461479007"
"מעלה עמוס","Ma'ale Amos","","","","","","","31.5976407","35.2291506382997"
"מעלה שומרון","Ma’aie Shomron","","","","","","","32.1658726","35.0696144402779"
"מעלות-תרשיחא","Ma'alot-Tarshiha","","","","","","","33.01541475","35.2832311802087"
"מענית","Ma'anit","","","","","","","32.4575001","35.0299999"
"מעש","Ma'as","","","","","","","32.0651874","34.8874639"
"מפלסים","Mefalsim","","","","","","","31.5019469","34.5637325"
"מצדות יהודה","Metsadot Yehuda","Mezadot Yehuda","","","","",""
"מצובה","Matsuva","Mazuva","","","","","","33.06345505","35.1580738759322"
"מצליח","Matsli'ah","Mazliach","","","","","","31.9061802","34.8717789"
"מצפה","Mitspe","Mizpe","","","","","","32.7902724","35.5085407"
"מצפה אביב","Mitspe Aviv","Mizpe Aviv","","","","","","32.8381841","35.1977524"
"מצפה יריחו","Mitspe Yeriho","Mizpe Yericho","Mizpe Yeriho","","","","","31.816139","35.3944306"
"מצפה נטופה","Mitspe Netofa","Mizpe Netofa","","","","","","32.80260105","35.3837375475928"
"מצפה רמון","Mitspe Ramon","Mizpe Ramon","","","","","","30.6101958","34.799393"
"מצפה שלם","Mitspe Shalem","Mizpe Shalem","","","","","","31.56766855","35.4000471806084"
"מצר","Metser","","","","","","","32.4404758","35.0479418"
"מיצר","Meitsar","","","","","","","32.7686851","35.7369807"
"מקווה ישראל","Mikve Yisra'el","","","","מקוה ישראל","",""
"מירב","Merav","","","","מרב","","","32.45236405","35.4212665803371"
"מרגליות","Margaliyyot","Margaliot","","","","","","33.21487325","35.5455280061345"
"מרום גולן","Merom Golan","","","","","","","33.13290345","35.776331280822"
"מרחב עם","Merhav Am","","","","","","","30.887872","34.8281340906524"
"מרחביה (מושב)","Merhavya","","","","","","","32.6000086","35.3166648"
"מרחביה (קבוץ)","Merhavya (Kibuts)","","","","","",""
"הרטוב - מרכז אזורי","Regional Center Har Tuv","","","","","",""
"כדורי מרכז אזורי","Regional Centre Kadduri","","","","","",""
"שוהם מרכז אזורי","Regional Center Shoham","","","","שהם מרכז אזורי","",""
"מרכז שפירא","Shapira Center","","","","","","","31.69713585","34.7071866572748"
"משאבי שדה","Mash'abe Sade","","","","","","","31.0039908","34.7866746144393"
"משגב דב","Misgav Dov","","","","","","","31.819273","34.7386745"
"משגב עם","Misgav Am","","","","","","","33.2477634","35.5487957"
"משואה","Massu'a","","","","","","","32.1128716","35.4920492"
"משואות יצחק","Massu'ot Yits'hak","Masuot Yizhak","","","","","","31.7043079","34.6906236024713"
"משכיות","Maskiyot","","","","","","","32.3172313","35.5024549719302"
"משמר איילון","Mishmar Ayyalon","Mishmar Ayalon","","","משמר אילון","","","31.8719461","34.9447916"
"משמר דוד","Mishmar David","","","","","","","31.8225166","34.9020895"
"משמר הירדן","Mishmar Hayarden","","","","","","","33.0033276","35.5980481"
"משמר הנגב","Mishmar Hanegev","","","","","","","31.36449965","34.7186388621453"
"משמר העמק","Mishmar Ha’emek","","","","","","","32.6105868","35.1422028"
"משמר השבעה","Mishmar Hashiv'a","","","","","","","32.0105558","34.8250061"
"משמר השרון","Mishmar Hasharon","","","","","","","32.3564792","34.9033593"
"משמרות","Mishmarot","","","","","","","32.4874752","34.9850386"
"משמרת","Mishmoret","","","","","","","32.2279787","34.9220495"
"משען","Mash'en","","","","","","","31.6576442","34.6237776"
"מתן","Mattan","Matan","","","","","","32.1577785","34.9752044598232"
"מתת","Mattat","Matat","","","","","","33.0408116","35.3553239932613"
"מתתיהו","Mattityahu","Matityahu","","","","","","31.92871","35.0338314"
"נאות גולן","Ne'ot Golan","","","","","","","32.7862935","35.6933789"
"נאות הכיכר","Ne'ot Hakikkar","","","","נאות הככר","","","30.9330032","35.3772356"
"נאות מרדכי","Ne’ot Mordekhai","","","","","","","33.1586105","35.5952831"
"נאות סמדר","Ne'ot Semadar","","","","","","","30.0486435","35.0257351"
"נבטים","Nevatim","","","","","","","31.223859","34.8822344523151"
"נגבה","Negba","","","","","","","31.6623288","34.6827493"
"נוגה","Noga","","","","נגה","","","31.6246194","34.6952753"
"נגוהות","Negohot","","","","","","","31.49293785","34.9833122697555"
"נהורה","Nehora","","","","","","","31.62301475","34.7050813788624"
"נהלל","Nahalal","","","","","","","32.6900631","35.1968485"
"נהריה","Nahariyya","Nahariya","","","נהרייה","","","33.0063382","35.0946926"
"נוב","Nov","","","","","","","32.8323365","35.783775"
"נווה אבות","Neve Avot","","","","נוה אבות","",""
"נווה אור","Neve Or","","","","נוה אור","","","32.5900017","35.552771"
"נווה אטיב","Neve Ativ","","","","נוה אטיב","","","33.2619266","35.7403653"
"נווה אילן","Neve Ilan","","","","נוה אילן","","","31.6677146","34.5788124"
"נווה איתן","Neve Etan","Neve Eitan","","","נוה איתן","","","32.4920626","35.5327856"
"נווה אפעל","Neve Efal","","","","נוה אפעל ","",""
"נווה אפרים","Neve Efrayim","","","","נוה אפרים","נווה מונסון","נוה מונסון","32.029521","34.8717786"
"נווה דניאל","Neve Daniyyel","Neve Daniel","","","נוה דניאל","",""
"נווה זוהר","Neve Zohar","","","","נוה זהר","","","31.15290235","35.3650883135871"
"נווה זיו","Neve Ziv","","","","נוה זיו","","","33.02703855","35.1839908731689"
"נווה חריף","Neve Harif","","","","נוה חריף","","","30.0377782","35.0391669"
"נווה ים","Neve Yam","","","","נוה ים","","","32.67920915","34.9312060887738"
"נווה ים","Neve Yamin","","","","נוה ים","","","32.67920915","34.9312060887738"
"נווה ירק","Neve Yarak","","","","נוה ירק","","","32.1331758","34.9242658"
"נווה מבטח","Neve Mivtah","","","","נוה מבטח","","","31.8054224","34.7410039"
"נווה מיכאל","Neve Mikha'el","Neve Michael","","","נוה מיכאל","","","31.6729512","35.0060167"
"נווה שלום","Neve Shalom","","","","נוה שלום","",""
"נווה תמרים","Neve Temarim","Neve Tmarim","","","נוה תמרים","",""
"נוף איילון","Nof Ayyalon","Nof Ayalon","","","נוף אילון","","","31.8705213","34.9896581"
"נופים","Nofim","","","","","","","32.15494525","35.1013572842142"
"נופית","Nofit","","","","","","","32.7586157","35.14735"
"נוקדים","Nokdim","","","","","","","31.6456305","35.2438532004889"
"נורדייה","Nordiyya","Nordia","","","נורדיה","",""
"נורית","Nurit","","","","","","","32.5439821","35.3531995"
"נחושה","Nehusha","","","","","","","31.630371","34.9535619"
"נחל עוז","Nahal Oz","","","","נחל עז","","","31.4720069","34.4983743473544"
"נחלה","Nahala","","","","","","","31.6594381","34.7945513"
"נחליאל","Nahali'el","","","","","","","31.9740466","35.1400750340846"
"נחלים","Nehalim","Nechalim","","","","","","32.05789755","34.913135642636"
"נחם","Naham","Nacham","","","","","","31.7665744","35.0039498"
"נחשולים","Nahsholim","Nachsholim","","","","","","32.6140985","34.9216301954792"
"נחשון","Nahshon","Nachshon","","","","","","31.8308866","34.9561439858069"
"נחשונים","Nahshonim","Nachshonim","","","","","","32.0609065","34.9500820361876"
"נטועה","Netu'a","","","","","","","33.0650735","35.3229681268311"
"נתור","Natur","","","","","","","32.8526535","35.7541468"
"נטעים","Neta'im","","","","","","","31.9444441","34.7744439"
"נטף","Nataf","","","","","","","31.8330085","35.0678560109061"
"נילי","Nili","","","","","","","31.9628626","35.0635126321688"
"ניר אליהו","Nir Eliyahu","","","","","","","32.1990836","34.9486774"
"ניר בנים","Nir Banim","","","","","","","31.6717215","34.7542446"
"ניר גלים","Nir Gallim","","","","","","","31.82477825","34.6820447771503"
"ניר חן","Nir Hen","Nir Chen","","","","",""
"ניר יפה","Nir Yafe","","","","","","","32.5695435","35.2438856782516"
"ניר יצחק","Nir Yits'hak","Nir Tizhak","","","","","","31.23701305","34.3576882215705"
"ניר ישראל","Nir Yisra'el","","","","","","","31.6858899","34.6364394"
"ניר משה","Nir Moshe","","","","","","","31.477014","34.6296036"
"ניר עוז","Nir Oz","","","","ניר עז","","","31.3102169","34.4018248317034"
"ניר עם","Nir Am","","","","","","","31.5201909","34.5804732602428"
"ניר עציון","Nir Etsyon","Nir Ezion","","","","","","32.6975838","34.9936059"
"ניר עקיבא","Nir Akiva","","","","","","","31.4706151","34.6485695967451"
"ניר צבי","Nir Tsevi","Nir Zvi","","","","","","31.95235825","34.8630334199013"
"נירים","Nirim","","","","","","","31.3349038","34.3955423292214"
"נירית","Nirit","","","","","","","32.1468425","34.9849398263553"
"נירן","Niran","","","","","","","31.96719285","35.4552090290648"
"נמרוד","Nimrod","","","","","","","33.2454175","35.7511377175566"
"נס הרים","Nes Harim","","","","","","","31.7444618","35.0579576"
"נס עמים","Nes Ammim","Nes Amim","","","","","","32.96587565","35.1208058710952"
"נס ציונה","Nes Tsiyyona","Nes Ziona","","","","","","31.9293683","34.7993793"
"נעורים","Ne'urim","","","","","","","31.9726811","34.8163059"
"נעלה","Na'ale","","","","","","","31.9628626","35.0635126321688"
"נועם","No’am","","","","נעם","","","31.56727065","34.7893062270852"
"נעמה","Na'ama","","","","","","","31.9070358","35.4677333643924"
"נען","Na'an","","","","","","","31.88377045","34.8577106718581"
"נופך","Nofekh","","","","נפך","","","32.0432953","34.9210324"
"ניצן","Nitsan","Nizan","","","","","","31.7394822","34.6299254"
"ניצנה (קהילת חינוך)","Nitsana","Nizana","","","נצנה (קהילת חנוך)","",""
"ניצני סיני","Nitsane Sinai","Nizanei Sinai","","","נצני סיני","","","30.9038857","34.3963917"
"ניצני עוז","Nitsane Oz","Nizanei Oz","","","נצני עז","","","32.3055506","35.0028027"
"ניצנים","Nitsanim","Nizanim","","","","","","31.71727725","34.6340413701349"
"נצר סרני","Netser Sereni","Nezer Sereni","","","","","","31.9226809","34.8215784"
"נצרת","Nazareth","Nasra ","Natsrat","","","","","32.7071023","35.310158"
"נצרת עילית","Natsrat Illit","Nazrat Ilit","Nazrat Illit","","נצרת עלית","","","32.7088155","35.3300449"
"נשר","Nesher","","","","","","","32.7683834","35.0445369"
"נתיד הגדוד","Netiv Hagdud","","","","","",""
"נתיב הלה","Netiv Halamed He","","","","","",""
"נתיב העשרה","Netiv Ha'asara","","","","","","","31.5716799","34.5395488"
"נתיב השיירה","Netiv Hashayyara","","","","","","","32.9949325","35.1335948215666"
"נתיבות","Netivot","","","","","","","31.4222723","34.5899965"
"נתניה","Netanya","","","","","","","32.3095375","34.8658662415328"
"סאסא","Sasa","","","","","","","33.0274083","35.3947661103112"
"סביון","Savyon","","","","","","","32.0463856","34.8770343"
"סגולה","Segulla","Sgula","","","","","","31.6697517","34.7791905050714"
"סוסיה","Susya","","","","סוסיא","","","31.3917403","35.1135376026285"
"סופה","Sufa","","","","","","","31.2381091","34.3415125"
"סלעית","Sal'it","","","","","","","32.2430759","35.0500593"
"סמר","Samar","","","","","","","29.8337414","35.0218779686844"
"סנסנה","Sansanna","Sansana","","","","","","31.3620565","34.9010002414682"
"סעד","Sa'ad","","","","","","","31.4696665","34.5347968"
"סער","Sa'ar","","","","","","","33.02891455","35.1097992940028"
"ספיר","Sapir","","","","","","","30.6148621","35.1847402"
"סתריה","Sitriyya","Sitriya","","","","","","31.89036645","34.8445103570486"
"עבדון","Avdon","","","","","","","33.04809625","35.1785644414518"
"עברון","Evron","","","","","","","32.99118655","35.0997783217026"
"עין כרמל","En Karmel","Ein Karmel","Ein Carmel","","","","","32.6770088","34.9531216"
"עין נקובא","En Nakuba","Ein Nakuba","","","","","","31.79313645","35.1207771207908"
"עין עירון","En Iron","Ein Iron","","","","","","32.4837603","35.0093257607291"
"עין צורים","En Tsurim","Ein Tsurim","Ein Zurim","","","","","31.6947898","34.7194822945544"
"עין שמר","En Shemer","Ein Shemer","","","","","","32.4638865","35.0071961230079"
"עין שריד","En Sarid","Ein Sarid","","","","","","32.2735259","34.9349894797735"
"עין תמר","En Tamar","Ein Tamar","","","","","","30.9434018","35.3730836"
"עיינות","Ayanot","","","","עינות","","","31.9163891","34.7680559"
"עינת","Enat","Einat","","","","","","32.0827765","34.9394305"
"עיר אובות","Ir Ovot","","","","","","","30.80902605","35.2441964945882"
"עכו","Acre","Akko","Aka","","","","","32.917625","35.0814050709909"
"עלומים","Alumim","","","","","","","31.4521295","34.5137154"
"עלי","Eli","","","","","","","32.07763975","35.272499215381"
"עלי זהב","Ale Zahav","Alei Zahav","","","","","","32.0711504","35.0643252"
"עלמה","Alma","","","","","","","33.05048945","35.5011858139378"
"עלמון","Almon","","","","","","","31.8319005","35.2964729"
"עולש","Olesh","","","","עלש","","","32.3326333","34.9839826346802"
"עמינדב","Amminadav","Aminadav","","","","","","31.75224365","35.1442772878904"
"עמיעד","Ammiad","Amiad","","","","","","32.926955","35.5411457050294"
"עמיעוז","Ammi-Oz","Amioz","","","עמיעז","","","31.24831","34.4139745"
"עמיקם","Ammikam","Amikam","","","","","","32.5634992","35.0224035942141"
"עמיר","Amir","","","","","","","33.1778926","35.6187612"
"עמנואל","Immanu'el","","","","","","","32.1620833","35.1377503484378"
"עמקה","Amka","","","","","","","32.9792441","35.1642671"
"עמוקה","Amukka","Amuka","","","","","","32.9976477","35.5235094"
"עומר","Omer","","","","עמר","","","31.2659365","34.847616"
"ענב","Enav","","","","","","","13.99424","44.054917"
"עפולה","Afula","","","","","","","32.6075587","35.2890861"
"עופר","Ofer","","","","עפר","","","32.6225069","34.9828398957925"
"עופרה","Ofra","","","","עפרה","","","31.9535283","35.2607626"
"עופרים","Ofarim","","","","עפרים","","","32.01863985","35.0449757277737"
"עץ אפרים","Ets Efrayim","Ez Efrayim","","","","","","32.11804575","35.0455056801262"
"עוצם","Otsem","Ozem","","","עצם","","","31.63822945","34.7047753362865"
"ערד","Arad","","","","","","","31.2612199","35.214581"
"ערוגות","Arugot","","","","","","","31.7346866","34.7708779"
"ערערה בנגב","Ar'ara BaNegev","","","","","","","31.1599797","35.0280933"
"עשרת","Aseret","","","","","","","31.8254721","34.7477727"
"עתלית","Atlit","","","","","","","32.69308425","34.9438781949043"
"עתניאל","Atni'el","","","","","","","31.4393551","35.0286627"
"פארן","Paran","","","","","","","30.3626632","35.1535339324069"
"פדואל","Pedu'el","","","","","","","32.0620574","35.0523954045382"
"פדויים","Peduyim","","","","","","","31.326648","34.6118789"
"פדיה","Pedaya","","","","","","","31.85760265","34.8834502543835"
"פורייה - כפר עבודה","Poriyya ־ Kefar Avoda","Poriya - Kfar Avoda","","","","",""
"פורייה - נווה עובד","Poriyya - Neve Oved","Poriya - Neve Oved","","","פוריה - נוה עובד","",""
"פורייה עילית","Poriyya Illit","Poriya Ilit","","","פוריה עלית","",""
"פורת","Porat","","","","","","","32.27656735","34.9483503031922"
"פטיש","Pattish","Patish","","","","","","31.3276906","34.5563756242005"
"פלך","Pelekh","Pelech","","","","","","32.9334505","35.2339243"
"פלמחים","Palmahim","Palmachim","","","","","","31.933059","34.7072282"
"פני חבר","Pene Hever","Penei Hever","Penei Chever","","","","","31.4861783","35.1648404"
"פסגות","Pesagot","Psagot","","","","","","31.8986546","35.2241131"
"פעמי תשז","Pa'ame Tashaz","","","","","",""
"פצאל","Petsa’el","Pazael","","","","","","32.0438358","35.4422455"
"פקיעין החדשה","Peki'in Hahadasha","","","","","",""
"פרדס חנה - כרכור","Pardes Hanna - Karkur","","","","","","","32.4752998","34.9764084"
"פרדיסיה","Pardesiyya","Pardesiya","","","פרדסייה","",""
"פרוד","Parod","","","","","","","32.93259875","35.433513375996"
"פרזון","Prazon","","","","","","","32.5454121","35.3111616"
"פרי־גן","Peri-Gan","","","","","",""
"פתח תקווה","Petah Tikva","Petah Tikwa","","","פתח תקוה","","","32.0904987","34.876309839361"
"פתחיה","Petahya","Petachya","","","","","","31.8675842","34.8862877"
"צאלים","Tse’elim","Zeelim","","","","","","31.20269325","34.5342574642151"
"צביה","Tseviyya","Zvia","Tsviya","Zviya","","",""
"צבעון","Tsiv'on","Zivon","","","","","","33.0271355","35.4177506"
"צובה","Tsova","Zova","","","","","","31.7839404","35.118963"
"צופיה","Tsofiyya","Zofiya","","","צופייה","",""
"צופים","Tsufim","Zufim","","","","",""
"צופית","Tsofit","Zofim","","","","","","32.1913234","34.9246940095789"
"צופר","Tsofar","Zofar","","","","","","30.55976425","35.1788337430008"
"צוקי ים","Tsuke Yam","Zukei Yam","","","","","","32.3612561","34.861579306453"
"צוקים","Tsukim","Zukim","","","","","","30.4906651","35.1666628296302"
"צור הדסה","Tsur Hadassa","Zur Hadasa","","","","","","31.715653","35.0990912"
"צור יגאל","Tsur Yig'al","Zur Yigal","","","","","","32.2149108","34.9891577"
"צור יצחק","Tsur Yits'hak","Zur Yitzhak","","","","","","32.24131695","34.9978233737273"
"צור משה","Tsur Moshe","Zur Moshe","","","","","","32.2978073","34.9135462"
"צור נתן","Tsur Natan","Zur Natan","","","","","","32.2404501","35.0134701"
"צוריאל","Tsuri'el","Zuriel","","","","","","33.0068277","35.3131982"
"צורית","Tsurit","Zurit","","","","","","32.90297545","35.2508696236925"
"צורן","Tsoran","Zoran","","","","","","32.2879554","34.9453776111462"
"צוחר","Tsohar","Zochar","Zohar","","צחר","","","31.2355599","34.4263918267589"
"צלפון","Tselafon","Zelafon","Zlafon","","","","","31.8041678","34.9329581787688"
"ציפורי","Tsippori","Zipori","","","צפורי","","","32.7459413","35.2813519511486"
"צפריה ","Tsafriyya","Zafriya","","","צפרייה","","","32.0029345","34.855723"
"צפרירים","Tsafririm","Zafririm","","","","","","31.66011985","34.9442700945164"
"צפת","Safed","Tsefat","Safad","","","","","32.97052455","35.5020594293309"
"צרופה","Tserufa","Zrufa","","","","","","32.6484957","34.9455599867007"
"צרעה","Tsor'a","Zora'a","","","","","","31.7628538","34.9701901442617"
"קבוצת יבנה","Kevutsat Yavne","Kvuzat Yavne","","","קבצת יבנה","","","31.8155839","34.7204788240095"
" קדומים","Kedumim","","","","","","","32.2188651","35.1593824"
"קדימה","Kadima","","","","","","","32.2765275","34.9149010276042"
"קדמה","Kedma","","","","","","","31.700747","34.7754791607101"
"קידמת צבי","Kidmat Tsevi","Kidmat Zvi","","","קדמת צבי","",""
"קדר","Kedar","","","","","","","13.266667","43.95"
"קידרון","Kidron","","","","קדרון","",""
"קדרים","Kaddarim","Kadarim","","","","","","32.8986763","35.4738866665507"
"קוממיות","Komemiyyut","Komemiyut","","","","","","31.6619651","34.7297701"
"קורנית","Koranit","","","","","","","32.84383645","35.2518907002129"
"קטורה","Ket'jra","","","","","","","29.9693832","35.0611781"
"קיסריה","Caesarea","Kesariyya","Kesariya","","קיסרייה","","","38.7253231","35.4836107"
"קלחים","Kelahim","","","","","","","31.45029595","34.6775058764373"
"קליה","Kalya","","","","","","","31.7498072","35.4661484"
"קלע","Kela","","","","","",""
"קציר-חריש","Katsir-Harish","","","","","","","32.48440885","35.109282724491"
"קצרין","Katsrin","","","","","","","32.9920262","35.6877004"
"קרית אונו","Kiryat Ono","","","","קריית אונו","","","32.0591691","34.8594303"
"קרית ארבע","Kiryat Arba","","","","קריית ארבע","","","31.5277619","35.1191651"
"קרית אתא","Kiryat Ata","","","","קריית אתא","","","32.8114111","35.1164383"
"קרית ביאליק","Kiryat Bialik","","","","קריית ביאליק","","","32.8424623","35.1007267509879"
"קרית גת","Kiryat Gat","","","","קריית גת","","","31.6112851","34.7680543"
"קרית טבעון","Kirya Tivon","","","","קריית טבעון","קריית טיבעון","","32.7133656","35.1230026297986"
"קרית ים","Kiryat Yam","","","","קריית ים","","","32.8482304","35.0714105581989"
"קרית יערים","Kiryat Ye’arim","","","","קריית יערים","","","31.8033842","35.1018325"
"קרית יערים (מוסד)","Kiryat Ye'arim (School)","","","","קריית יערים (מוסד)","",""
"קרית מוצקין","Kiryat Motzkin","Kiryat Mozkin","","","קריית מוצקין","","","32.84127635","35.0830755403739"
"קרית מלאכי","Kiryat Mal'akhi","Kiryat Malachi","","","קריית מלאכי","","","31.72997335","34.7461582643324"
"קרית נטפים","Kiryat Netafim","","","","קריית נטפים","","","32.1170857","35.112279"
"קרית ענבים","Kiryat Anavim","","","","קריית ענבים","","","31.8100172","35.1203388"
"קרית עקרון","Kiryat Ekron","","","","קריית עקרון","","","31.8608352","34.8233378"
"קרית שלמה","Kiryat Shelomo","Kiryat Shlomo","","","קריית שלמה","",""
"קרית שמונה","Kiryat Shemona","","","","קריית שמונה","","","33.2076298","35.5702787"
"קרני שומרון","Karne Shomron","Karnei Shomron","","","","","","32.1714785","35.0980763"
"קשת","Keshet","","","","","","","32.9800578","35.809285"
"ראש העין","Rosh Ha'ayin","","","","","","","32.0952929","34.9533225"
"ראש פינה","Rosh Pina","","","","ראש פנה","","","32.968215","35.5438245"
"ראש צורים","Rosh Tsurim","Rosh Zurim","","","","","","31.668417","35.1261449522512"
"ראשון לציון","Rishon Letsiyon","Rishon LeZion","","","רשלצ","","","31.9635712","34.8101149"
"רבבה","Revava","","","","","","","32.1191235","35.1287991288683"
"רבדים","Revadim","","","","","","","31.7729015","34.8162948"
"רביבים","Revivim","","","","","","","31.0424886","34.7210205"
"רביד","Ravid","","","","","","","32.8517012","35.462605"
"רגבה","Regba","","","","","","","32.97629705","35.0992599850045"
"רגבים","Regavim","","","","","","","32.5240949","35.0345429"
"רוח מדבר","Ru'ah Midbar","Ruach Midbar","","","","",""
"רווחה","Revaha","","","","רוחה","","","31.64867205","34.7354837922282"
"רוויה ","Revaya","","","","רויה","","","32.4490008","35.4730686"
"רועי","Ro'i","Roy","","","","","","32.24767385","35.4883520353072"
"רחוב","Rehov","Rechov","","","","","","32.4511786","35.4920524"
"רחובות","Rehovot","","","","","","","31.8952532","34.8105616"
"רוחמה","Ruhama","","","","רחמה","","","31.4972246","34.7049633048724"
"ריחן","Rehan","Rechan","","","","",""
"רכסים","Rekhasim","","","","","","","32.751089","35.1020093838228"
"רם-און","Ram-On","","","","","","","32.5286128","35.2597479"
"רימונים","Rimmonim","Rimonim","","","רמונים","","","31.93340155","35.3408939303107"
"רמות","Ramot","","","","","","","31.81561","35.1954938"
"רמות השבים","Ramot Hashavim","","","","","","","32.1636355","34.8820546"
"רמות מאיר","Ramot Me'ir","","","","","","","31.87389475","34.8558913728592"
"רמות מנשה","Ramot Menashe","","","","","","","32.5952803","35.0552806"
"רמות נפתלי","Ramot Naftali","","","","","","","33.1022971","35.5531168"
"רמלה","Ramta","","","","","","","31.9279988","34.8623473"
"רמת אפעל","Ramat Efal","","","","","","","32.0474586","34.8348733317818"
"רמת גן","Ramat Gan","","","","","","","32.0724892","34.824244"
"רמת דוד","Ramat David","","","","רמת דוויד","","","32.6780753","35.2031528016803"
"רמת הכובש","Ramat Hakovesh","","","","","","","32.21778245","34.9379651576049"
"רמת השופט","Ramat Hashofet","","","","","","","32.6110439","35.0962923330398"
"רמת השרון","Ramat Hasharon","","","","","","","32.1429078","34.8382362"
"רמת יוחנן","Ramat Yohanan","","","","","","","32.7925038","35.1213847"
"רמת ישי","Ramat Yishai","","","","","","","32.701698","35.1668263"
"רמת מגשימים","Ramat Magshimim","","","","","","","32.8440289","35.8073861"
"רמת פנקס","Ramat Pinkas","","","","","","","32.03393655","34.8410752788274"
"רמת צבי","Ramat Tsevi","Ramat Zvi","","","","","","32.59071195","35.4175272274484"
"רמת רזיאל","Ramat Razi’el","","","","","","","31.77431285","35.0725654069751"
"רמת רחל","Ramat Rahel","Ramat Rachel","","","","","","31.7387105","35.2183447"
"רנן","Rannen","Renen","","","","","","31.3377917","34.6004634"
"רינתיה","Rinnatya","Rinatya","","","רנתיה","","","32.043333","34.931667"
"רעים","Re'im","","","","","","","31.3847215","34.4589476"
"רעננה","Ra'ananna","Ranana","","","","","","32.187146","34.8681290007799"
"רקפת","Rakkefet","Rakefet","","","","","","32.8541014","35.2643858"
"רשפון","Rishpon","","","","","","","32.20160705","34.8237930960991"
"רשפים","Reshafim","","","","","","","32.48131315","35.4773058562665"
"רותם","Rotem","","","","רתם","","","32.33651745","35.5184192323447"
"רתמים","Retamim","","","","","","","31.0537792","34.6898676142028"
"שאר ישוב","She'ar Yeshuv","","","","","","","33.2284471","35.6480643"
"שבי ציון","ShaveTsiyyon","Shave Zion","","","","","","32.97928635","35.0831753632425"
"שבי שומרון","Shave Shomron","","","","","","","32.2631698","35.1850893"
"שיבולים","Shibbolim","Shibolim","","","שבולים","","","31.3961261","34.6093251"
"שגב","Segev","","","","","",""
"שגב-שלום","Segev Shalom","","","","","","","31.2008757","34.8400872"
"שדה אילן","Sede Ilan","Sade Ilan","","","","","","32.7494843","35.4227144"
"שדה אליהו","Sede Eliyahu","Sade Eliyahu","","","","","","32.4414725","35.5139610383278"
"שדה אליעזר","Sede Eli'ezer","Sade Eli'ezer","","","","","","33.0446382","35.5638451328885"
"שדה בוקר","Sede Boker","Sade Boker","","","","","","30.8737395","34.7925947"
"שדה דוד","Sede David","Sade David","","","","","","31.5760533","34.6840906"
"שדה ורבורג","Sede Warburg","Sade Warburg","Sade Varburg","Sede Varburg","","","","32.2080207","34.905126"
"שדה יואב","Sede Yo'av","Sade Yo'av","","","","","","31.6457313","34.6769569"
"שדה יעקב","Sede Ya'akov","Sade Ya'akov","","","שדה יעקוב","","","32.6956728","35.1414397386249"
"שדה יצחק","Sede Yits'hak","Sade Yits'hak","Sede Yizhak","Sade Yizhak","","","","32.4051186","34.9938162"
"שדה משה","Sede Moshe","Sade Moshe","","","","","","31.6101976","34.8026633"
"שדה נחום","Sede Nahum","Sade Nahum","","","","","","32.5253179","35.4813049"
"שדה נחמיה","Sede Nehemya","Sade Nehemya","","","","","","33.1873426","35.6226763"
"שדה ניצר","Sede Nitsan","Sade Nitsan","Sede Nizan","Sade Nizan","שדה נצן","",""
"שדה עוזיהו","Sede Uzziyyahu","Sade Uzziyyahu","Sede Uziyahu","Sade Uziyahu","שדה עזיהו","","","31.7589669","34.6786187"
"שדה צבי","Sede Tsevi","Sade Tsevi","Sede Zvi","Sade Zvi","","","","31.4490535","34.7123427365938"
"שדות ים","Sedot Yam","Sdot Yam","","","","","","32.4919812","34.8937283738642"
"שדות מיכה","Sedot Mikha","Sdot Mikha","Sedot Micha","Sdot Micha","","","","31.7212163","34.9216806582174"
"שדי אברהם","Sede Avraham","Sade Avraham","","","","","","31.2121265","34.3358477"
"שדה חמד","Sede Hemed","Sade Hemed","","","","",""
"שדי תרומות","Sede Terumot","Sade Terumot","Sde Trumot","","","","","32.440809","35.4922617218411"
"שדמה","Shedema","Shdema","","","","","","31.83216355","34.7384052543612"
"שדמות דבורה","Shadmot Devora","","","","","","","32.6954933","35.4374472"
"שדמות מחולה","Shadmot Mehola","","","","","","","32.34772985","35.5317065978462"
"שדרות","Sederot","Sderot","","","","","","31.5241104","34.5972893"
"שוהם","Shoham","","","","שהם","","","32.0004845","34.9465419"
"שואבה","Sho'eva","","","","","","","31.79741035","35.0772831447001"
"שובה","Shuva","","","","","","","31.45129135","34.546931661275"
"שובל","Shoval","","","","","","","31.4135674","34.7458676"
"שומרה","Shomera","","","","","","","33.0818094","35.2841818"
"שומרייה","Shomeriyya","Shomriya","","","שומריה","",""
"שוקדה","Shokeda","","","","","","","31.4216668","34.5253818"
"שושנת העמקים","Shoshannat Ha'amakim","Shoshanat Ha'amakim","","","","","","32.3542858","34.8569876565744"
"שזור","Shezor","","","","","","","32.9333604","35.3538471209891"
"שחר","Shahar","Shachar","","","","","","31.6182716","34.7233552390418"
"שחרות","Shaharut","Shacharut","","","","","","29.9036321","34.9992083"
"שיטים","Shittim","Shitim","","","שטים","","","30.1767866","35.0162775946807"
"שילה","Shilo","","","","","","","32.05368425","35.2983429276823"
"שילת","Shilat","","","","","","","31.9212154","35.0144124"
"שכניה","Shekhenya","Shchanya","","","","","","32.8485323","35.2467424850326"
"שלווה","Shalva","","","","שלוה","","","31.56401635","34.7655728232554"
"שלוחות","Sheluhot","","","","","","","32.4720158","35.4818379898515"
"שלומי","Shelomi","Shlomi","","","","","","33.0760194","35.1494346"
"שלמציון","Shelomtsiyyon","Shlomzion","Shelomzion","","","",""
"שמיר","Shamir","","","","","","","33.1638854","35.6591703"
"שמעה","Shim'a","","","","","","","31.38789455","35.0126936590391"
"שמרת","Shomrat","","","","","","","32.95022065","35.0954002336137"
"שמשית","Shimshit","","","","","","","32.7328247","35.2472359"
"שני","Shani","","","","","",""
"שניר","Senir","","","","","","","33.24184765","35.6782536979766"
"שעל","Sha'al","","","","","","","33.1166371","35.7187153"
"שעלבים","Sha'alvim","","","","","","","31.86875365","34.9866668771678"
"שער אפרים","Sha'ar Efrayim","","","","","","","32.2889798","34.9974416"
"שער הגולן","Sha'ar Hagolan","","","","","","","32.68674645","35.6043465632784"
"שער העמקים","Sha'ar Ha'amakim","","","","","","","32.7229274","35.1137200340473"
"שער מנשה","Sha'ar Menashe","","","","","","","32.4485863","35.0155523"
"שערי תקווה","Sha'are Tikva","Sha'arei Tikva","","","שערי תקוה","",""
"שפיים","Shefayim","Shfayim","","","","","","32.2163224","34.8240450872985"
"שפיר","Shafir","","","","","","","31.6968466","34.728678"
"שפר","Shefer","","","","","","","32.9433182","35.4354282"
"שקד","Shaked","","","","","","","32.4737284","35.1689021061011"
"שקף","Shekef","","","","","","","31.5156708","34.9377978"
"שרונה","Sharona","","","","","","","32.7254465","35.4669505"
"שריגים (לי-און)","Sarigim","Srigim","","","","","","31.6776198","34.9348658"
"שריד","Sarid","","","","","","","32.66275795","35.2269008101312"
"שורש","Shoresh","","","","שרש","","","31.7962335","35.0663166944049"
"שורשים","Shorashim","","","","שרשים","","","32.8930587","35.2597193"
"שרשרת","Sharsheret","","","","","","","31.4046369","34.6041162"
"שתולה","Shetula","","","","","","","33.084763","35.3143141"
"שתולים","Shetulim","","","","","","","31.7719562","34.683597"
"תאשור","Te'ashur","","","","","","","31.3720086","34.6432702016468"
"תדהר","Tidhar","","","","","","","31.379452","34.6282591867265"
"תובל","Tuval","","","","","","","32.9287765","35.2444905"
"תושייה","Tushiyya","Tushiya","","","תושיה","",""
"צבי - תחנת ניסיונות","Tsevi "," Research Center","","","","","",""
"תירוש","Tirosh","","","","","","","31.7502241","34.8865614323742"
"תל אביב-יפו","Tel Aviv-Yafo","Tel Abib-Yafa","Tel Aviv-Jaffa","Tel Aviv-Yaffo","","","","32.0804808","34.7805274"
"תל יוסף","Tel Yosef","","","","","","","32.55599805","35.400283000999"
"תל יצחק","Tel Yits'hak","","","","","","","32.2533552","34.870244"
"תל מונד","Tel Mond","","","","","","","32.2549445","34.9195592"
"תל עדשים","Tel Adashim","","","","","","","32.656096","35.3027955567824"
"תל עמל ","Tel Amal","Nir David","","","ניר דוד","ניר דוויד","","32.7990152","35.0125146"
"תל קציר","Tel Katsir","Tel Kazir","","","","","","32.704139","35.617778"
"תל שבע","Tel Sheva","","","","","","","31.2456487","34.8577683"
"תל תאומים","Tel Te'omim","","","","","","","32.442033","35.4966745"
"תלם","Telem","","","","","","","31.5631741","35.0311783"
"תלמי אליהו","Talme Eliyahu","Talmei Eliyahu","Talme Eliyyahu","","","","","31.2285316","34.4289128315163"
"תלמי אלעזר","Talme El'azar","Talmei Elazar","","","","","","32.44490015","34.9745777306975"
"תלמי בילו","Talme Bilu","Talmei Bilu","","","","",""
"תלמי יוסף","Talme Yosef","Talmei Yosef","Talme Yossef","","","","","31.19990345","34.3644756065362"
"תלמי יחיאל","Talme Yehi'el","Talmei Yechiel","Talmei Yehiel","","","","","31.753729","34.7639978"
"תלמי יפה","Talme Yafe","Talmei Yaffe","Talmei Yafe","","","","","31.616448","34.6130589"
"תלמים","Telamim","","","","","","","31.562744","34.6719026"
"תימורים","Timmorim","Timorim","","","תמורים","","","31.7160922","34.7613397"
"תומר","Tomer","","","","תמר","","","32.0186914","35.4391957"
"תמרת","Timrat","","","","","","","32.7036612","35.2253335142788"
"תנובות","Tenuvot","","","","","","","32.3047412","34.9620999316782"
"תעוז","Ta'oz","","","","תעז","","","31.801041","34.9723209"
"תפרח","Tifrah","Tifrach","","","","","","31.32603055","34.6832053972843"
"תקומה","Tekuma","Tkuma","","","","","","31.4512978","34.579978"
"תקוע","Teko'a","Tko'a","","","","","","31.6533405","35.2296937"
"תרדיון","Teradyon","","","","","",""
"תרום","Tarom","","","","","","","31.7825667","34.9815088"
"עצמון-שגב","Atsmon-Segev","Azmon-Segev","","","","","","32.8660722","35.2518608231059"
"כרם עמי","Kerem Ami","","","","","","","31.5294815","34.9292878"
"נטעים","Neta'","","","","","","","31.9444441","34.7744439"
"בני דקלים","Bene Dekalim","Benei Dkalim","","","","","","31.5168927","34.9201276305663"
"בני נצרים","Bene Netsarin","Benei Nezarin","","","","","","31.1411549","34.3150187"
"נווה","Nave","","","","נוה","","","31.1617063","34.3299105515523"
"שלומית","Shelomit","","","","","","","31.1676247","34.3055971"
"גבעות עדן","Giv'ot Eden","","","","","","","31.6632176","35.012872"
"ניצן ב'","Nitsan B'","Nizan B'","","","נצן ב'","","","31.7361186","34.6359688"
"מצפה אילן","Mitspe Ilan","Mizpe Ilan","","","","","","32.46149665","35.069094599791"
"מולדה","Molada","","","","","",""
"א-סייד","Al-Sayid","","","","","",""
"כוחלה","Kuhla","Kuchla","","","כחלה","","","31.28608855","35.0471344991289"
"פארק אריאל שרון","Ari'el Sharon Park","","","","","",""
